日期,代码,名称,所属行业,开盘价,最高价,最低价,收盘价,前收盘价,成交量（股）,成交额（元）,换手率,涨幅%,振幅%,是否ST,量比,3日涨幅%,6日涨幅%,10日涨幅%,25日涨幅%,是否涨停,总股本（股）,流通股本（股）,总市值（元）,流通市值（元）,滚动市盈率,市净率,滚动市销率,5日线,10日线,20日线,30日线,60日线,120日线,250日线,上市时间,退市时间
2025-03-21,301188,力诺药包,玻璃玻纤,16.816,16.946,16.356,16.506,16.82,2908900,48014303.4,1.0873,,,否,,,,,,否,267536615,267536615,4415959367.19,4415959367.19,,,,,,,,,,,2021-11-11,-
2025-03-24,301188,力诺药包,玻璃玻纤,16.506,17.286,16.446,16.896,16.51,4795900,81031526.4,1.7926,,,否,,,,,,否,267536615,267536615,4520298647.04,4520298647.04,,,,,,,,,,,2021-11-11,-
2025-03-25,301188,力诺药包,玻璃玻纤,17.256,17.566,16.796,17.006,16.9,3955700,67270634.2,1.4786,,,否,,,,,,否,267536615,267536615,4549727674.69,4549727674.69,,,,,,,,,,,2021-11-11,-
2025-03-26,301188,力诺药包,玻璃玻纤,17.006,18.056,16.866,17.906,17.01,9199300,164722665.8,3.4385,,,否,,,,,,否,267536615,267536615,4790510628.19,4790510628.19,,,,,,,,,,,2021-11-11,-
2025-03-27,301188,力诺药包,玻璃玻纤,17.636,18.006,17.436,17.776,17.91,5478100,97378705.6,2.0476,,,否,,,,,,否,267536615,267536615,4755730868.24,4755730868.24,,,,17.22,,,,,,,2021-11-11,-
2025-03-28,301188,力诺药包,玻璃玻纤,17.716,17.906,17.206,17.626,17.78,4774800,84160624.8,1.7847,,,否,,,,,,否,267536615,267536615,4715600375.99,4715600375.99,,,,17.44,,,,,,,2021-11-11,-
2025-03-31,301188,力诺药包,玻璃玻纤,17.406,17.726,17.006,17.636,17.63,5727900,101017244.4,2.141,,,否,,,,,,否,267536615,267536615,4718275742.14,4718275742.14,,,,17.59,,,,,,,2021-11-11,-
2025-04-01,301188,力诺药包,玻璃玻纤,17.626,18.996,17.496,17.996,17.64,10591900,190611832.4,3.959,,,否,,,,,,否,267536615,267536615,4814588923.54,4814588923.54,,,,17.79,,,,,,,2021-11-11,-
2025-04-02,301188,力诺药包,玻璃玻纤,17.836,18.436,17.836,18.336,18.0,6102600,111897273.6,2.281,,,否,,,,,,否,267536615,267536615,4905551372.64,4905551372.64,,,,17.87,,,,,,,2021-11-11,-
2025-04-03,301188,力诺药包,玻璃玻纤,18.006,18.606,17.786,17.986,18.34,4294200,77235481.2,1.6051,,,否,,,,,,否,267536615,267536615,4811913557.39,4811913557.39,,,,17.92,17.57,,,,,,2021-11-11,-
2025-04-07,301188,力诺药包,玻璃玻纤,16.926,17.306,15.406,15.986,17.99,7161500,114483739.0,2.6768,,,否,,,,,,否,267536615,267536615,4276840327.39,4276840327.39,,,,17.59,17.52,,,,,,2021-11-11,-
2025-04-08,301188,力诺药包,玻璃玻纤,15.986,16.596,15.406,16.116,15.99,4479700,72194845.2,1.6744,,,否,,,,,,否,267536615,267536615,4311620087.34,4311620087.34,,,,17.28,17.44,,,,,,2021-11-11,-
2025-04-09,301188,力诺药包,玻璃玻纤,15.816,16.876,15.276,16.806,16.12,4313700,72496042.2,1.6124,,,否,,,,,,否,267536615,267536615,4496220351.69,4496220351.69,,,,17.05,17.42,,,,,,2021-11-11,-
2025-04-10,301188,力诺药包,玻璃玻纤,17.006,17.606,16.866,17.186,16.81,4437500,76262875.0,1.6587,,,否,,,,,,否,267536615,267536615,4597884265.39,4597884265.39,,,,16.82,17.35,,,,,,2021-11-11,-
2025-04-11,301188,力诺药包,玻璃玻纤,17.006,17.526,16.906,17.426,17.19,4579100,79795396.6,1.7116,,,否,,,,,,否,267536615,267536615,4662093052.99,4662093052.99,,,,16.7,17.31,,,,,,2021-11-11,-
2025-04-14,301188,力诺药包,玻璃玻纤,17.606,17.656,16.986,17.376,17.43,4185000,72718560.0,1.5643,,,否,,,,,,否,267536615,267536615,4648716222.24,4648716222.24,,,,16.98,17.29,,,,,,2021-11-11,-
2025-04-15,301188,力诺药包,玻璃玻纤,17.236,17.486,16.926,17.086,17.38,3058700,52260948.2,1.1433,,,否,,,,,,否,267536615,267536615,4571130603.89,4571130603.89,,,,17.18,17.23,,,,,,2021-11-11,-
2025-04-16,301188,力诺药包,玻璃玻纤,16.916,17.166,16.466,16.716,17.09,2210200,36945703.2,0.8261,,,否,,,,,,否,267536615,267536615,4472142056.34,4472142056.34,,,,17.16,17.1,,,,,,2021-11-11,-
2025-04-17,301188,力诺药包,玻璃玻纤,16.746,17.166,16.636,17.036,16.72,1686400,28729510.4,0.6303,,,否,,,,,,否,267536615,267536615,4557753773.14,4557753773.14,,,,17.13,16.97,,,,,,2021-11-11,-
2025-04-18,301188,力诺药包,玻璃玻纤,16.956,17.076,16.656,16.776,17.04,1389000,23301864.0,0.5192,,,否,,,,,,否,267536615,267536615,4488194253.24,4488194253.24,,,,17.0,16.85,17.21,,,,,2021-11-11,-
2025-04-21,301188,力诺药包,玻璃玻纤,16.606,17.416,16.606,17.296,16.78,5035000,87085360.0,1.882,,,否,,,,,,否,267536615,267536615,4627313293.04,4627313293.04,,,,16.98,16.98,17.25,,,,,2021-11-11,-
2025-04-22,301188,力诺药包,玻璃玻纤,17.276,17.916,17.276,17.486,17.3,3361200,58773943.2,1.2564,,,否,,,,,,否,267536615,267536615,4678145249.89,4678145249.89,,,,17.06,17.12,17.28,,,,,2021-11-11,-
2025-04-23,301188,力诺药包,玻璃玻纤,17.496,17.636,17.066,17.616,17.49,3310500,58317768.0,1.2374,,,否,,,,,,否,267536615,267536615,4712925009.84,4712925009.84,,,,17.24,17.2,17.31,,,,,2021-11-11,-
2025-04-24,301188,力诺药包,玻璃玻纤,17.656,18.586,17.596,18.506,17.62,7332700,135698946.2,2.7408,,,否,,,,,,否,267536615,267536615,4951032597.19,4951032597.19,,,,17.54,17.33,17.34,,,,,2021-11-11,-
2025-04-25,301188,力诺药包,玻璃玻纤,17.916,18.166,17.026,17.476,18.51,10464800,182882844.8,3.9115,,,否,,,,,,否,267536615,267536615,4675469883.74,4675469883.74,,,,17.68,17.34,17.32,,,,,2021-11-11,-
2025-04-28,301188,力诺药包,玻璃玻纤,17.396,17.756,17.006,17.606,17.48,5369100,94528374.6,2.0069,,,否,,,,,,否,267536615,267536615,4710249643.69,4710249643.69,,,,17.74,17.36,17.32,,,,,2021-11-11,-
2025-04-29,301188,力诺药包,玻璃玻纤,17.466,17.746,17.336,17.596,17.61,3525500,62034698.0,1.3178,,,否,,,,,,否,267536615,267536615,4707574277.54,4707574277.54,,,,17.76,17.41,17.32,,,,,2021-11-11,-
2025-04-30,301188,力诺药包,玻璃玻纤,17.506,17.686,16.906,17.156,17.6,4658800,79926372.8,1.7414,,,否,,,,,,否,267536615,267536615,4589858166.94,4589858166.94,,,,17.67,17.46,17.28,,,,,2021-11-11,-
2025-05-06,301188,力诺药包,玻璃玻纤,17.246,17.316,16.816,17.286,17.16,3382700,58473352.2,1.2644,,,否,,,,,,否,267536615,267536615,4624637926.89,4624637926.89,,,,17.42,17.48,17.23,,,,,2021-11-11,-
2025-05-07,301188,力诺药包,玻璃玻纤,17.456,17.506,16.816,17.136,17.29,3568500,61149816.0,1.3338,,,否,,,,,,否,267536615,267536615,4584507434.64,4584507434.64,,,,17.36,17.52,17.18,17.31,,,,2021-11-11,-
2025-05-08,301188,力诺药包,玻璃玻纤,17.146,18.066,17.076,17.796,17.14,6274700,111664561.2,2.3454,,,否,,,,,,否,267536615,267536615,4761081600.54,4761081600.54,,,,17.39,17.57,17.27,17.35,,,,2021-11-11,-
2025-05-09,301188,力诺药包,玻璃玻纤,17.906,17.906,17.506,17.786,17.8,3519900,62604941.4,1.3157,,,否,,,,,,否,267536615,267536615,4758406234.39,4758406234.39,,,,17.43,17.6,17.36,17.38,,,,2021-11-11,-
2025-05-12,301188,力诺药包,玻璃玻纤,17.806,17.836,17.536,17.726,17.79,4284800,75952364.8,1.6016,,,否,,,,,,否,267536615,267536615,4742354037.49,4742354037.49,,,,17.55,17.61,17.4,17.41,,,,2021-11-11,-
2025-05-13,301188,力诺药包,玻璃玻纤,17.806,17.956,17.526,17.856,17.73,5081100,90728121.6,1.8992,,,否,,,,,,否,267536615,267536615,4777133797.44,4777133797.44,,,,17.66,17.54,17.44,17.41,,,,2021-11-11,-
2025-05-14,301188,力诺药包,玻璃玻纤,17.886,18.316,17.506,18.176,17.86,7150000,129958400.0,2.6725,,,否,,,,,,否,267536615,267536615,4862745514.24,4862745514.24,,,,17.87,17.61,17.47,17.42,,,,2021-11-11,-
2025-05-15,301188,力诺药包,玻璃玻纤,18.086,18.336,17.716,18.146,18.18,4956000,89931576.0,1.8525,,,否,,,,,,否,267536615,267536615,4854719415.79,4854719415.79,,,,17.94,17.67,17.51,17.44,,,,2021-11-11,-
2025-05-16,301188,力诺药包,玻璃玻纤,17.896,18.376,17.856,18.326,18.15,5513300,101036735.8,2.0608,,,否,,,,,,否,267536615,267536615,4902876006.49,4902876006.49,,,,18.05,17.74,17.57,17.46,,,,2021-11-11,-
2025-05-19,301188,力诺药包,玻璃玻纤,19.606,21.776,19.106,20.966,18.33,28765200,603091183.2,10.7519,,,否,,,,,,否,267536615,267536615,5609172670.09,5609172670.09,,,,18.69,18.12,17.79,17.56,,,,2021-11-11,-
2025-05-20,301188,力诺药包,玻璃玻纤,20.326,21.186,20.026,20.986,20.97,16970400,356140814.4,6.3432,,,否,,,,,,否,267536615,267536615,5614523402.39,5614523402.39,,,,19.32,18.49,17.98,17.65,,,,2021-11-11,-
2025-05-21,301188,力诺药包,玻璃玻纤,20.706,21.376,20.156,20.916,20.99,11459700,239691085.2,4.2834,,,否,,,,,,否,267536615,267536615,5595795839.34,5595795839.34,,,,19.87,18.87,18.19,17.75,,,,2021-11-11,-
2025-05-22,301188,力诺药包,玻璃玻纤,20.906,22.596,19.766,20.006,20.92,18595700,372025574.2,6.9507,,,否,,,,,,否,267536615,267536615,5352337519.69,5352337519.69,,,,20.24,19.09,18.33,17.88,,,,2021-11-11,-
2025-05-23,301188,力诺药包,玻璃玻纤,20.416,20.756,19.806,20.006,20.01,12669200,253460015.2,4.7355,,,否,,,,,,否,267536615,267536615,5352337519.69,5352337519.69,,,,20.58,19.31,18.45,18.01,,,,2021-11-11,-
2025-05-26,301188,力诺药包,玻璃玻纤,20.406,20.496,19.596,19.846,20.01,7591900,150668847.4,2.8377,,,否,,,,,,否,267536615,267536615,5309531661.29,5309531661.29,,,,20.35,19.52,18.57,18.11,,,,2021-11-11,-
2025-05-27,301188,力诺药包,玻璃玻纤,20.096,20.526,19.866,20.086,19.85,8518100,171094556.6,3.1839,,,否,,,,,,否,267536615,267536615,5373740448.89,5373740448.89,,,,20.17,19.75,18.64,18.21,,,,2021-11-11,-
2025-05-28,301188,力诺药包,玻璃玻纤,20.036,20.506,19.606,19.856,20.09,8729500,173332952.0,3.2629,,,否,,,,,,否,267536615,267536615,5312207027.44,5312207027.44,,,,19.96,19.91,18.76,18.29,,,,2021-11-11,-
2025-05-29,301188,力诺药包,玻璃玻纤,19.673,20.593,19.403,20.183,19.86,13739500,277304328.5,5.1356,,,否,,,,,,否,267536615,267536615,5399691500.55,5399691500.55,,,,20.0,20.12,18.89,18.38,,,,2021-11-11,-
2025-05-30,301188,力诺药包,玻璃玻纤,20.123,21.093,20.003,20.783,20.18,13532400,281243869.2,5.0581,,,否,,,,,,否,267536615,267536615,5560213469.55,5560213469.55,,,,20.15,20.36,19.05,18.5,,,,2021-11-11,-
2025-06-03,301188,力诺药包,玻璃玻纤,20.503,21.703,20.293,20.673,20.78,11159000,230690007.0,4.171,,,否,,,,,,否,267536615,267536615,5530784441.89,5530784441.89,,,,20.32,20.33,19.23,18.64,,,,2021-11-11,-
2025-06-04,301188,力诺药包,玻璃玻纤,20.403,21.063,19.913,20.913,20.67,7873500,164658505.5,2.943,,,否,,,,,,否,267536615,267536615,5594993229.49,5594993229.49,,,,20.48,20.33,19.41,18.77,,,,2021-11-11,-
2025-06-05,301188,力诺药包,玻璃玻纤,20.923,21.163,20.303,21.033,20.91,7162100,150640449.3,2.6771,,,否,,,,,,否,267536615,267536615,5627097623.3,5627097623.3,,,,20.72,20.34,19.6,18.91,,,,2021-11-11,-
2025-06-06,301188,力诺药包,玻璃玻纤,20.853,24.043,20.443,22.903,21.03,19958900,457118686.7,7.4602,,,否,,,,,,否,267536615,267536615,6127391093.34,6127391093.34,,,,21.26,20.63,19.86,19.09,,,,2021-11-11,-
2025-06-09,301188,力诺药包,玻璃玻纤,23.103,23.723,22.233,22.913,22.9,19965200,457462627.6,7.4626,,,否,,,,,,否,267536615,267536615,6130066459.49,6130066459.49,,,,21.69,20.92,20.11,19.28,,,,2021-11-11,-
2025-06-10,301188,力诺药包,玻璃玻纤,22.393,22.953,22.233,22.573,22.91,10746900,242589773.7,4.017,,,否,,,,,,否,267536615,267536615,6039104010.4,6039104010.4,,,,22.07,21.19,20.36,19.44,,,,2021-11-11,-
2025-06-11,301188,力诺药包,玻璃玻纤,22.953,23.753,22.543,23.503,22.57,11322500,266112717.5,4.2321,,,否,,,,,,否,267536615,267536615,6287913062.35,6287913062.35,,,,22.59,21.53,20.64,19.61,,,,2021-11-11,-
2025-06-12,301188,力诺药包,玻璃玻纤,23.903,25.623,22.913,22.953,23.5,24115500,553523071.5,9.0139,,,否,,,,,,否,267536615,267536615,6140767924.1,6140767924.1,,,,22.97,21.84,20.88,19.79,,,,2021-11-11,-
2025-06-13,301188,力诺药包,玻璃玻纤,22.723,23.323,22.323,22.463,22.95,12869000,289076347.0,4.8102,,,否,,,,,,否,267536615,267536615,6009674982.74,6009674982.74,,,,22.88,22.07,21.09,19.95,,,,2021-11-11,-
2025-06-16,301188,力诺药包,玻璃玻纤,22.103,23.383,21.883,22.983,22.46,9718400,223357987.2,3.6325,,,否,,,,,,否,267536615,267536615,6148794022.55,6148794022.55,,,,22.89,22.29,21.33,20.13,,,,2021-11-11,-
2025-06-17,301188,力诺药包,玻璃玻纤,22.973,22.973,21.813,22.083,22.98,8650100,191020158.3,3.2332,,,否,,,,,,否,267536615,267536615,5908011069.04,5908011069.04,,,,22.8,22.43,21.38,20.3,,,,2021-11-11,-
2025-06-18,301188,力诺药包,玻璃玻纤,21.863,22.893,21.863,22.683,22.08,6886500,156206479.5,2.574,,,否,,,,,,否,267536615,267536615,6068533038.05,6068533038.05,,,,22.63,22.61,21.47,20.48,,,,2021-11-11,-
2025-06-19,301188,力诺药包,玻璃玻纤,22.413,22.933,21.913,22.003,22.68,4853800,106798161.4,1.8143,,,否,,,,,,否,267536615,267536615,5886608139.85,5886608139.85,,,,22.44,22.71,21.52,20.64,18.97,,,2021-11-11,-
2025-06-20,301188,力诺药包,玻璃玻纤,21.983,22.803,21.753,21.753,22.0,7245000,157600485.0,2.708,,,否,,,,,,否,267536615,267536615,5819723986.1,5819723986.1,,,,22.3,22.59,21.61,20.77,19.06,,,2021-11-11,-
2025-06-23,301188,力诺药包,玻璃玻纤,21.543,23.153,21.403,22.973,21.75,9434500,216738768.5,3.5264,,,否,,,,,,否,267536615,267536615,6146118656.39,6146118656.39,,,,22.3,22.6,21.76,20.94,19.16,,,2021-11-11,-
2025-06-24,301188,力诺药包,玻璃玻纤,22.973,23.553,22.723,23.313,22.97,7686900,179204699.7,2.8732,,,否,,,,,,否,267536615,267536615,6237081105.49,6237081105.49,,,,22.55,22.67,21.93,21.13,19.27,,,2021-11-11,-
2025-06-25,301188,力诺药包,玻璃玻纤,23.233,23.593,22.153,22.933,23.31,9351000,214446483.0,3.4952,,,否,,,,,,否,267536615,267536615,6135417191.8,6135417191.8,,,,22.59,22.61,22.07,21.3,19.35,,,2021-11-11,-
2025-06-26,301188,力诺药包,玻璃玻纤,22.843,22.973,22.353,22.543,22.93,5718800,128918908.4,2.1376,,,否,,,,,,否,267536615,267536615,6031077911.94,6031077911.94,,,,22.7,22.57,22.21,21.44,19.43,,,2021-11-11,-
2025-06-27,301188,力诺药包,玻璃玻纤,23.103,23.103,21.433,21.723,22.54,11450000,248728350.0,4.2798,,,否,,,,,,否,267536615,267536615,5811697887.64,5811697887.64,,,,22.7,22.5,22.29,21.56,19.5,,,2021-11-11,-
2025-06-30,301188,力诺药包,玻璃玻纤,21.903,22.233,21.143,21.533,21.72,13116400,282435441.2,4.9027,,,否,,,,,,否,267536615,267536615,5760865930.8,5760865930.8,,,,22.41,22.35,22.32,21.67,19.56,,,2021-11-11,-
2025-07-01,301188,力诺药包,玻璃玻纤,21.503,22.023,21.263,21.683,21.53,7502900,162685380.7,2.8044,,,否,,,,,,否,267536615,267536615,5800996423.05,5800996423.05,,,,22.08,22.31,22.37,21.69,19.63,,,2021-11-11,-
2025-07-02,301188,力诺药包,玻璃玻纤,21.673,21.683,20.873,21.033,21.68,5261000,110654613.0,1.9665,,,否,,,,,,否,267536615,267536615,5627097623.3,5627097623.3,,,,21.7,22.15,22.38,21.69,19.67,,,2021-11-11,-
2025-07-03,301188,力诺药包,玻璃玻纤,21.093,21.263,20.703,20.813,21.03,7235900,150600786.7,2.7046,,,否,,,,,,否,267536615,267536615,5568239567.99,5568239567.99,,,,21.36,22.03,22.37,21.69,19.72,,,2021-11-11,-
2025-07-04,301188,力诺药包,玻璃玻纤,20.903,21.353,20.453,20.473,20.81,9843900,201534164.7,3.6795,,,否,,,,,,否,267536615,267536615,5477277118.89,5477277118.89,,,,21.11,21.9,22.25,21.71,19.79,,,2021-11-11,-
2025-07-07,301188,力诺药包,玻璃玻纤,20.303,20.453,19.903,20.043,20.47,7455100,149422569.3,2.7866,,,否,,,,,,否,267536615,267536615,5362236374.44,5362236374.44,,,,20.81,21.61,22.1,21.71,19.86,,,2021-11-11,-
2025-07-08,301188,力诺药包,玻璃玻纤,20.053,20.613,19.813,20.583,20.04,9974400,205303075.2,3.7282,,,否,,,,,,否,267536615,267536615,5506706146.54,5506706146.54,,,,20.59,21.34,22.0,21.73,19.92,,,2021-11-11,-
2025-07-09,301188,力诺药包,玻璃玻纤,20.453,20.523,19.953,20.013,20.58,7890700,157916579.1,2.9494,,,否,,,,,,否,267536615,267536615,5354210276.0,5354210276.0,,,,20.38,21.04,21.83,21.73,19.97,,,2021-11-11,-
2025-07-10,301188,力诺药包,玻璃玻纤,20.003,20.103,19.653,19.973,20.01,5677600,113398704.8,2.1222,,,否,,,,,,否,267536615,267536615,5343508811.39,5343508811.39,,,,20.22,20.79,21.68,21.73,20.01,,,2021-11-11,-
2025-07-11,301188,力诺药包,玻璃玻纤,20.003,20.003,19.493,19.653,19.97,7871000,154688763.0,2.942,,,否,,,,,,否,267536615,267536615,5257897094.59,5257897094.59,,,,20.05,20.58,21.54,21.72,20.05,,,2021-11-11,-
2025-07-14,301188,力诺药包,玻璃玻纤,19.653,19.863,19.423,19.703,19.65,6442900,126944458.7,2.4082,,,否,,,,,,否,267536615,267536615,5271273925.35,5271273925.35,,,,19.99,20.4,21.38,21.68,20.09,,,2021-11-11,-
2025-07-15,301188,力诺药包,玻璃玻纤,19.573,20.173,19.523,19.803,19.7,6907700,136793183.1,2.582,,,否,,,,,,否,267536615,267536615,5298027586.85,5298027586.85,,,,19.83,20.21,21.26,21.65,20.14,,,2021-11-11,-
2025-07-16,301188,力诺药包,玻璃玻纤,19.803,20.583,19.773,20.433,19.8,9948500,203277700.5,3.7186,,,否,,,,,,否,267536615,267536615,5466575654.3,5466575654.3,,,,19.91,20.15,21.15,21.64,20.2,,,2021-11-11,-
2025-07-17,301188,力诺药包,玻璃玻纤,20.433,20.453,20.003,20.133,20.43,6879100,138496920.3,2.5713,,,否,,,,,,否,267536615,267536615,5386314669.8,5386314669.8,,,,19.95,20.08,21.06,21.61,20.26,,,2021-11-11,-
2025-07-18,301188,力诺药包,玻璃玻纤,20.063,20.703,19.973,20.403,20.13,7294400,148827643.2,2.7265,,,否,,,,,,否,267536615,267536615,5458549555.84,5458549555.84,,,,20.09,20.07,20.99,21.52,20.31,,,2021-11-11,-
2025-07-21,301188,力诺药包,玻璃玻纤,20.603,20.883,20.203,20.723,20.4,8131000,168498713.0,3.0392,,,否,,,,,,否,267536615,267536615,5544161272.64,5544161272.64,,,,20.3,20.14,20.88,21.45,20.36,,,2021-11-11,-
2025-07-22,301188,力诺药包,玻璃玻纤,20.623,20.963,20.213,20.403,20.72,6218500,126876055.5,2.3244,,,否,,,,,,否,267536615,267536615,5458549555.84,5458549555.84,,,,20.42,20.12,20.73,21.38,20.41,,,2021-11-11,-
2025-07-23,301188,力诺药包,玻璃玻纤,20.453,20.813,20.093,20.443,20.4,4692600,95930821.8,1.754,,,否,,,,,,否,267536615,267536615,5469251020.45,5469251020.45,,,,20.42,20.17,20.61,21.27,20.44,,,2021-11-11,-
2025-07-24,301188,力诺药包,玻璃玻纤,20.513,20.663,20.253,20.653,20.44,5020200,103682190.6,1.8765,,,否,,,,,,否,267536615,267536615,5525433709.59,5525433709.59,,,,20.52,20.23,20.51,21.2,20.49,,,2021-11-11,-
2025-07-25,301188,力诺药包,玻璃玻纤,20.663,22.293,20.533,21.543,20.65,15994300,344565204.9,5.9784,,,否,,,,,,否,267536615,267536615,5763541296.94,5763541296.94,,,,20.75,20.42,20.5,21.17,20.56,,,2021-11-11,-
2025-07-28,301188,力诺药包,玻璃玻纤,21.803,21.803,21.223,21.423,21.54,5526300,118389924.9,2.0656,,,否,,,,,,否,267536615,267536615,5731436903.14,5731436903.14,,,,20.89,20.6,20.5,21.12,20.62,,,2021-11-11,-
2025-07-29,301188,力诺药包,玻璃玻纤,21.453,21.603,21.003,21.373,21.42,5002100,106909883.3,1.8697,,,否,,,,,,否,267536615,267536615,5718060072.4,5718060072.4,,,,21.09,20.75,20.48,21.09,20.69,,,2021-11-11,-
2025-07-30,301188,力诺药包,玻璃玻纤,21.303,21.753,20.703,20.973,21.37,7841600,164461876.8,2.931,,,否,,,,,,否,267536615,267536615,5611045426.39,5611045426.39,,,,21.19,20.81,20.48,21.04,20.76,,,2021-11-11,-
2025-07-31,301188,力诺药包,玻璃玻纤,20.903,22.153,20.863,21.803,20.97,10280700,224150102.1,3.8427,,,否,,,,,,否,267536615,267536615,5833100816.85,5833100816.85,,,,21.42,20.97,20.53,21.03,20.83,,,2021-11-11,-
2025-08-01,301188,力诺药包,玻璃玻纤,21.803,22.683,21.723,22.353,21.8,9728300,217456689.9,3.6362,,,否,,,,,,否,267536615,267536615,5980245955.1,5980245955.1,,,,21.59,21.17,20.62,21.05,20.91,,,2021-11-11,-
2025-08-04,301188,力诺药包,玻璃玻纤,22.503,22.643,21.863,22.513,22.35,6237300,140420334.9,2.3314,,,否,,,,,,否,267536615,267536615,6023051813.5,6023051813.5,,,,21.8,21.35,20.74,21.03,20.99,,,2021-11-11,-
2025-08-05,301188,力诺药包,玻璃玻纤,22.403,22.843,22.193,22.293,22.51,5070100,113027739.3,1.8951,,,否,,,,,,否,267536615,267536615,5964193758.19,5964193758.19,,,,21.99,21.54,20.83,21.0,21.06,,,2021-11-11,-
2025-08-06,301188,力诺药包,玻璃玻纤,22.233,22.583,22.033,22.353,22.29,5139500,114883243.5,1.921,,,否,,,,,,否,267536615,267536615,5980245955.1,5980245955.1,,,,22.26,21.73,20.95,20.98,21.14,,,2021-11-11,-
2025-08-07,301188,力诺药包,玻璃玻纤,22.153,23.263,22.153,23.263,22.35,8958600,208403911.8,3.3486,,,否,,,,,,否,267536615,267536615,6223704274.75,6223704274.75,,,,22.55,21.99,21.11,21.0,21.22,,,2021-11-11,-
2025-08-08,301188,力诺药包,玻璃玻纤,23.003,23.583,22.413,23.313,23.26,13189400,307484482.2,4.9299,,,否,,,,,,否,267536615,267536615,6237081105.49,6237081105.49,,,,22.75,22.17,21.3,21.06,21.31,,,2021-11-11,-
2025-08-11,301188,力诺药包,玻璃玻纤,23.323,25.113,23.323,24.023,23.31,11949300,287058033.9,4.4664,,,否,,,,,,否,267536615,267536615,6427032102.14,6427032102.14,,,,23.05,22.43,21.51,21.14,21.4,,,2021-11-11,-
2025-08-12,301188,力诺药包,玻璃玻纤,24.143,25.083,24.023,24.963,24.02,10100100,252128796.3,3.7752,,,否,,,,,,否,267536615,267536615,6678516520.24,6678516520.24,,,,23.58,22.79,21.77,21.25,21.47,,,2021-11-11,-
2025-08-13,301188,力诺药包,玻璃玻纤,25.063,25.563,24.613,25.503,24.96,9875400,251852326.2,3.6912,,,否,,,,,,否,267536615,267536615,6822986292.35,6822986292.35,,,,24.21,23.24,22.02,21.4,21.55,,,2021-11-11,-
2025-08-14,301188,力诺药包,玻璃玻纤,25.503,25.673,24.503,24.753,25.5,6532200,161691546.6,2.4416,,,否,,,,,,否,267536615,267536615,6622333831.1,6622333831.1,,,,24.51,23.53,22.25,21.53,21.61,,,2021-11-11,-
2025-08-15,301188,力诺药包,玻璃玻纤,24.913,25.373,24.613,25.163,24.75,6380400,160550005.2,2.3849,,,否,,,,,,否,267536615,267536615,6732023843.24,6732023843.24,,,,24.88,23.81,22.49,21.69,21.7,,,2021-11-11,-
2025-08-18,301188,力诺药包,玻璃玻纤,25.203,25.203,23.633,23.903,25.16,16397900,391959003.7,6.1292,,,否,,,,,,否,267536615,267536615,6394927708.34,6394927708.34,,,,24.86,23.95,22.65,21.81,21.76,,,2021-11-11,-
2025-08-19,301188,力诺药包,玻璃玻纤,24.103,24.253,21.283,21.453,23.9,27815200,596719485.6,10.3968,,,否,,,,,,否,267536615,267536615,5739463001.6,5739463001.6,,,,24.16,23.87,22.7,21.84,21.79,,,2021-11-11,-
2025-08-20,301188,力诺药包,玻璃玻纤,21.333,21.353,20.693,21.083,21.45,14354400,302633815.2,5.3654,,,否,,,,,,否,267536615,267536615,5640474454.04,5640474454.04,,,,23.27,23.74,22.74,21.88,21.8,,,2021-11-11,-
2025-08-21,301188,力诺药包,玻璃玻纤,20.613,20.703,19.453,19.763,21.08,29639300,585761485.9,11.0786,,,否,,,,,,否,267536615,267536615,5287326122.25,5287326122.25,,,,22.27,23.39,22.69,21.87,21.8,,,2021-11-11,-
2025-08-22,301188,力诺药包,玻璃玻纤,19.683,19.753,19.453,19.593,19.76,12998400,254677651.2,4.8585,,,否,,,,,,否,267536615,267536615,5241844897.69,5241844897.69,,,,21.16,23.02,22.59,21.87,21.79,,,2021-11-11,-
2025-08-25,301188,力诺药包,玻璃玻纤,19.523,19.653,19.213,19.443,19.59,18367600,357121246.8,6.8655,,,否,,,,,,否,267536615,267536615,5201714405.45,5201714405.45,,,,20.27,22.56,22.49,21.86,21.77,,,2021-11-11,-
2025-08-26,301188,力诺药包,玻璃玻纤,19.403,19.533,19.323,19.483,19.44,9940200,193664916.6,3.7155,,,否,,,,,,否,267536615,267536615,5212415870.05,5212415870.05,,,,19.87,22.01,22.4,21.85,21.75,,,2021-11-11,-
2025-08-27,301188,力诺药包,玻璃玻纤,19.403,19.553,19.033,19.053,19.48,10846500,206658364.5,4.0542,,,否,,,,,,否,267536615,267536615,5097375125.6,5097375125.6,,,,19.47,21.37,22.3,21.8,21.72,,,2021-11-11,-
2025-08-28,301188,力诺药包,玻璃玻纤,18.933,19.103,18.403,18.863,19.05,9368900,176725560.7,3.5019,,,否,,,,,,否,267536615,267536615,5046543168.74,5046543168.74,,,,19.29,20.78,22.16,21.76,21.68,,,2021-11-11,-
2025-08-29,301188,力诺药包,玻璃玻纤,18.783,19.083,18.593,19.003,18.86,9631200,183021693.6,3.6,,,否,,,,,,否,267536615,267536615,5083998294.85,5083998294.85,,,,19.17,20.16,21.99,21.72,21.62,,,2021-11-11,-
2025-09-01,301188,力诺药包,玻璃玻纤,19.003,19.023,18.733,18.763,19.0,7371600,138313330.8,2.7554,,,否,,,,,,否,267536615,267536615,5019789507.25,5019789507.25,,,,19.03,19.65,21.8,21.65,21.55,,,2021-11-11,-
2025-09-02,301188,力诺药包,玻璃玻纤,18.763,18.763,18.303,18.373,18.76,6607200,121394085.6,2.4696,,,否,,,,,,否,267536615,267536615,4915450227.4,4915450227.4,,,,18.81,19.34,21.61,21.58,21.48,,,2021-11-11,-
2025-09-03,301188,力诺药包,玻璃玻纤,18.393,18.443,17.963,18.053,18.37,6292300,113594891.9,2.3519,,,否,,,,,,否,267536615,267536615,4829838510.6,4829838510.6,,,,18.61,19.04,21.39,21.5,21.39,,,2021-11-11,-
2025-09-04,301188,力诺药包,玻璃玻纤,18.093,18.303,17.963,18.153,18.05,5175900,93958112.7,1.9347,,,否,,,,,,否,267536615,267536615,4856592172.09,4856592172.09,,,,18.47,18.88,21.14,21.42,21.31,,,2021-11-11,-
2025-09-05,301188,力诺药包,玻璃玻纤,18.153,18.253,17.993,18.243,18.15,4975000,90758925.0,1.8596,,,否,,,,,,否,267536615,267536615,4880670467.44,4880670467.44,,,,18.32,18.74,20.88,21.31,21.24,,,2021-11-11,-
2025-09-08,301188,力诺药包,玻璃玻纤,18.243,18.553,18.183,18.543,18.24,5587600,103610866.8,2.0885,,,否,,,,,,否,267536615,267536615,4960931451.94,4960931451.94,,,,18.27,18.65,20.61,21.21,21.16,,,2021-11-11,-
2025-09-09,301188,力诺药包,玻璃玻纤,18.503,18.603,18.293,18.343,18.54,4805500,88147286.5,1.7962,,,否,,,,,,否,267536615,267536615,4907424128.94,4907424128.94,,,,18.27,18.54,20.28,21.11,21.1,,,2021-11-11,-
2025-09-10,301188,力诺药包,玻璃玻纤,18.053,18.143,17.913,17.923,18.34,6197900,111084961.7,2.3167,,,否,,,,,,否,267536615,267536615,4795058750.64,4795058750.64,,,,18.24,18.43,19.9,21.01,21.02,,,2021-11-11,-
2025-09-11,301188,力诺药包,玻璃玻纤,17.953,18.153,17.813,18.143,17.92,5537600,100468676.8,2.0698,,,否,,,,,,否,267536615,267536615,4853916805.95,4853916805.95,,,,18.24,18.35,19.57,20.89,20.96,19.97,,2021-11-11,-
2025-09-12,301188,力诺药包,玻璃玻纤,18.133,18.263,17.933,17.983,18.14,5120800,92087346.4,1.9141,,,否,,,,,,否,267536615,267536615,4811110947.55,4811110947.55,,,,18.19,18.25,19.21,20.74,20.9,19.98,,2021-11-11,-
2025-09-15,301188,力诺药包,玻璃玻纤,17.913,17.953,17.813,17.823,17.98,3847800,68579339.4,1.4382,,,否,,,,,,否,267536615,267536615,4768305089.15,4768305089.15,,,,18.04,18.16,18.9,20.59,20.81,19.99,,2021-11-11,-
2025-09-16,301188,力诺药包,玻璃玻纤,18.053,18.053,17.813,18.013,17.82,3061400,55144998.2,1.1443,,,否,,,,,,否,267536615,267536615,4819137046.0,4819137046.0,,,,17.98,18.12,18.73,20.44,20.72,19.99,,2021-11-11,-
2025-09-17,301188,力诺药包,玻璃玻纤,17.983,18.043,17.893,17.943,18.01,3465600,62183260.8,1.2954,,,否,,,,,,否,267536615,267536615,4800409482.95,4800409482.95,,,,17.98,18.11,18.57,20.3,20.64,20.0,,2021-11-11,-
2025-09-18,301188,力诺药包,玻璃玻纤,17.943,17.953,17.813,17.853,17.94,3681500,65725819.5,1.3761,,,否,,,,,,否,267536615,267536615,4776331187.6,4776331187.6,,,,17.92,18.08,18.48,20.12,20.56,20.0,,2021-11-11,-
2025-09-19,301188,力诺药包,玻璃玻纤,17.853,18.133,17.663,18.043,17.85,5552400,100181953.2,2.0754,,,否,,,,,,否,267536615,267536615,4827163144.44,4827163144.44,,,,17.93,18.06,18.4,19.94,20.5,20.0,,2021-11-11,-
2025-09-22,301188,力诺药包,玻璃玻纤,18.003,18.063,17.643,17.723,18.04,3801600,67375756.8,1.421,,,否,,,,,,否,267536615,267536615,4741551427.64,4741551427.64,,,,17.91,17.98,18.32,19.73,20.44,20.0,,2021-11-11,-
2025-09-23,301188,力诺药包,玻璃玻纤,17.723,17.723,16.863,17.043,17.72,5530200,94251198.6,2.0671,,,否,,,,,,否,267536615,267536615,4559626529.44,4559626529.44,,,,17.72,17.85,18.19,19.47,20.36,19.99,,2021-11-11,-
2025-09-24,301188,力诺药包,玻璃玻纤,16.963,17.183,16.923,17.103,17.04,3036400,51931549.2,1.1349,,,否,,,,,,否,267536615,267536615,4575678726.35,4575678726.35,,,,17.55,17.77,18.1,19.19,20.29,19.98,,2021-11-11,-
2025-09-25,301188,力诺药包,玻璃玻纤,17.143,17.263,17.043,17.053,17.1,2925100,49881730.3,1.0933,,,否,,,,,,否,267536615,267536615,4562301895.6,4562301895.6,,,,17.39,17.66,18.01,18.93,20.23,19.97,,2021-11-11,-
2025-09-26,301188,力诺药包,玻璃玻纤,17.013,17.463,16.803,17.163,17.05,4555300,78182613.9,1.7027,,,否,,,,,,否,267536615,267536615,4591730923.24,4591730923.24,,,,17.22,17.58,17.91,18.66,20.17,19.98,,2021-11-11,-
2025-09-29,301188,力诺药包,玻璃玻纤,17.163,17.183,16.833,17.093,17.16,3452400,59011873.2,1.2904,,,否,,,,,,否,267536615,267536615,4573003360.19,4573003360.19,,,,17.09,17.5,17.83,18.44,20.13,19.99,,2021-11-11,-
2025-09-30,301188,力诺药包,玻璃玻纤,17.153,17.333,17.083,17.113,17.09,3172500,54290992.5,1.1858,,,否,,,,,,否,267536615,267536615,4578354092.49,4578354092.49,,,,17.11,17.41,17.77,18.29,20.07,19.99,,2021-11-11,-
2025-10-09,301188,力诺药包,玻璃玻纤,17.153,17.253,17.003,17.163,17.11,3766900,64651304.7,1.408,,,否,,,,,,否,267536615,267536615,4591730923.24,4591730923.24,,,,17.12,17.34,17.72,18.16,20.02,19.99,,2021-11-11,-
2025-10-10,301188,力诺药包,玻璃玻纤,17.113,17.193,16.973,17.013,17.16,3542800,60273656.4,1.3242,,,否,,,,,,否,267536615,267536615,4551600431.0,4551600431.0,,,,17.11,17.25,17.67,18.07,19.97,19.99,,2021-11-11,-
2025-10-13,301188,力诺药包,玻璃玻纤,16.683,16.943,16.463,16.833,17.01,4231900,71235572.7,1.5818,,,否,,,,,,否,267536615,267536615,4503443840.29,4503443840.29,,,,17.04,17.13,17.6,17.98,19.92,19.99,,2021-11-11,-
2025-10-14,301188,力诺药包,玻璃玻纤,16.883,16.963,16.653,16.693,16.83,2986700,49856983.1,1.1164,,,否,,,,,,否,267536615,267536615,4465988714.2,4465988714.2,,,,16.96,17.03,17.5,17.89,19.87,19.98,,2021-11-11,-
2025-10-15,301188,力诺药包,玻璃玻纤,16.683,16.823,16.553,16.823,16.69,2531900,42594153.7,0.9464,,,否,,,,,,否,267536615,267536615,4500768474.15,4500768474.15,,,,16.91,17.01,17.43,17.8,19.82,19.98,,2021-11-11,-
2025-10-16,301188,力诺药包,玻璃玻纤,16.803,16.833,16.463,16.493,16.82,3342500,55127852.5,1.2494,,,否,,,,,,否,267536615,267536615,4412481391.19,4412481391.19,,,,16.77,16.94,17.36,17.71,19.76,19.98,,2021-11-11,-
2025-10-17,301188,力诺药包,玻璃玻纤,16.563,17.193,16.523,16.753,16.49,6440500,107897696.5,2.4073,,,否,,,,,,否,267536615,267536615,4482040911.1,4482040911.1,,,,16.72,16.91,17.29,17.64,19.7,19.98,,2021-11-11,-
2025-10-20,301188,力诺药包,玻璃玻纤,16.763,17.503,16.763,17.403,16.75,8138200,141629094.6,3.0419,,,否,,,,,,否,267536615,267536615,4655939710.84,4655939710.84,,,,16.83,16.94,17.26,17.59,19.65,19.98,,2021-11-11,-
2025-10-21,301188,力诺药包,玻璃玻纤,17.293,17.703,17.263,17.593,17.4,7306600,128545013.8,2.7311,,,否,,,,,,否,267536615,267536615,4706771667.69,4706771667.69,,,,17.01,16.99,17.25,17.55,19.6,19.98,,2021-11-11,-
2025-10-22,301188,力诺药包,玻璃玻纤,17.503,17.583,17.363,17.483,17.59,3548200,62033180.6,1.3262,,,否,,,,,,否,267536615,267536615,4677342640.05,4677342640.05,,,,17.14,17.02,17.22,17.52,19.55,19.98,,2021-11-11,-
2025-10-23,301188,力诺药包,玻璃玻纤,17.383,17.413,17.243,17.373,17.48,2990400,51952219.2,1.1178,,,否,,,,,,否,267536615,267536615,4647913612.4,4647913612.4,,,,17.32,17.05,17.19,17.5,19.5,19.97,,2021-11-11,-
2025-10-24,301188,力诺药包,玻璃玻纤,17.413,17.443,17.303,17.323,17.37,2189700,37932173.1,0.8185,,,否,,,,,,否,267536615,267536615,4634536781.65,4634536781.65,,,,17.44,17.08,17.16,17.47,19.44,19.97,,2021-11-11,-
2025-10-27,301188,力诺药包,玻璃玻纤,17.383,17.753,17.263,17.653,17.32,6271700,110714320.1,2.3442,,,否,,,,,,否,267536615,267536615,4722823864.59,4722823864.59,,,,17.48,17.16,17.14,17.45,19.38,19.97,,2021-11-11,-
2025-10-28,301188,力诺药包,玻璃玻纤,17.573,17.683,17.363,17.383,17.65,4257700,74011599.1,1.5914,,,否,,,,,,否,267536615,267536615,4650588978.55,4650588978.55,,,,17.44,17.23,17.13,17.41,19.31,19.97,,2021-11-11,-
2025-10-29,301188,力诺药包,玻璃玻纤,17.543,17.543,16.853,16.993,17.38,6324500,107472228.5,2.364,,,否,,,,,,否,267536615,267536615,4546249698.69,4546249698.69,,,,17.34,17.24,17.12,17.37,19.24,19.97,,2021-11-11,-
2025-10-30,301188,力诺药包,玻璃玻纤,16.943,17.043,16.843,16.873,16.99,2501800,42212871.4,0.9351,,,否,,,,,,否,267536615,267536615,4514145304.9,4514145304.9,,,,17.24,17.28,17.11,17.33,19.17,19.96,,2021-11-11,-
2025-10-31,301188,力诺药包,玻璃玻纤,16.863,17.123,16.863,17.043,16.87,2800600,47730625.8,1.0468,,,否,,,,,,否,267536615,267536615,4559626529.44,4559626529.44,,,,17.19,17.31,17.11,17.29,19.09,19.96,,2021-11-11,-
2025-11-03,301188,力诺药包,玻璃玻纤,17.073,17.133,16.963,17.023,17.04,2117200,36041095.6,0.7914,,,否,,,,,,否,267536615,267536615,4554275797.14,4554275797.14,,,,17.06,17.27,17.11,17.26,19.0,19.96,,2021-11-11,-
2025-11-04,301188,力诺药包,玻璃玻纤,16.983,17.023,16.823,16.923,17.02,2636600,44619181.8,0.9855,,,否,,,,,,否,267536615,267536615,4527522135.64,4527522135.64,,,,16.97,17.21,17.1,17.23,18.91,19.95,,2021-11-11,-
2025-11-05,301188,力诺药包,玻璃玻纤,16.883,17.003,16.853,16.943,16.92,2010200,34058818.6,0.7514,,,否,,,,,,否,267536615,267536615,4532872867.95,4532872867.95,,,,16.96,17.15,17.09,17.2,18.82,19.94,,2021-11-11,-
2025-11-06,301188,力诺药包,玻璃玻纤,16.933,17.073,16.843,17.003,16.94,2649200,45044347.6,0.9902,,,否,,,,,,否,267536615,267536615,4548925064.85,4548925064.85,,,,16.99,17.12,17.08,17.17,18.73,19.94,,2021-11-11,-
2025-11-07,301188,力诺药包,玻璃玻纤,17.033,17.153,16.873,16.873,17.0,2533300,42744370.9,0.9469,,,否,,,,,,否,267536615,267536615,4514145304.9,4514145304.9,,,,16.95,17.07,17.07,17.13,18.62,19.92,,2021-11-11,-
2025-11-10,301188,力诺药包,玻璃玻纤,16.853,17.003,16.823,16.983,16.87,1658400,28164607.2,0.6199,,,否,,,,,,否,267536615,267536615,4543574332.55,4543574332.55,,,,16.95,17.0,17.08,17.1,18.52,19.91,,2021-11-11,-
2025-11-11,301188,力诺药包,玻璃玻纤,16.983,17.213,16.903,17.153,16.98,3218800,55212076.4,1.2031,,,否,,,,,,否,267536615,267536615,4589055557.09,4589055557.09,,,,16.99,16.98,17.1,17.08,18.41,19.9,,2021-11-11,-
2025-11-12,301188,力诺药包,玻璃玻纤,17.113,17.303,17.073,17.263,17.15,3847200,66414213.6,1.438,,,否,,,,,,否,267536615,267536615,4618484584.75,4618484584.75,,,,17.05,17.01,17.13,17.09,18.28,19.87,,2021-11-11,-
2025-11-13,301188,力诺药包,玻璃玻纤,17.263,17.273,17.103,17.203,17.26,2372300,40810676.9,0.8867,,,否,,,,,,否,267536615,267536615,4602432387.85,4602432387.85,,,,17.09,17.04,17.16,17.09,18.14,19.84,,2021-11-11,-
2025-11-14,301188,力诺药包,玻璃玻纤,17.163,17.513,17.163,17.343,17.2,4126400,71564155.2,1.5424,,,否,,,,,,否,267536615,267536615,4639887513.94,4639887513.94,,,,17.19,17.07,17.19,17.1,18.01,19.81,,2021-11-11,-
2025-11-17,301188,力诺药包,玻璃玻纤,17.333,17.403,17.173,17.383,17.34,2607400,45324434.2,0.9746,,,否,,,,,,否,267536615,267536615,4650588978.55,4650588978.55,,,,17.27,17.11,17.19,17.11,17.89,19.79,,2021-11-11,-
2025-11-18,301188,力诺药包,玻璃玻纤,17.313,17.483,17.223,17.283,17.38,2346800,40559744.4,0.8772,,,否,,,,,,否,267536615,267536615,4623835317.05,4623835317.05,,,,17.29,17.14,17.18,17.11,17.77,19.77,,2021-11-11,-
2025-11-19,301188,力诺药包,玻璃玻纤,17.283,17.303,17.053,17.083,17.28,1951500,33337474.5,0.7294,,,否,,,,,,否,267536615,267536615,4570327994.04,4570327994.04,,,,17.26,17.16,17.15,17.11,17.7,19.75,,2021-11-11,-
2025-11-20,301188,力诺药包,玻璃玻纤,17.143,17.353,17.003,17.293,17.08,3063100,52970188.3,1.1449,,,否,,,,,,否,267536615,267536615,4626510683.19,4626510683.19,,,,17.28,17.19,17.15,17.12,17.64,19.72,,2021-11-11,-
2025-11-21,301188,力诺药包,玻璃玻纤,17.183,17.233,16.493,16.493,17.29,3962100,65346915.3,1.481,,,否,,,,,,否,267536615,267536615,4412481391.19,4412481391.19,,,,17.11,17.15,17.11,17.1,17.58,19.69,,2021-11-11,-
2025-11-24,301188,力诺药包,玻璃玻纤,16.613,16.753,16.323,16.713,16.49,1868000,31219884.0,0.6982,,,否,,,,,,否,267536615,267536615,4471339446.49,4471339446.49,,,,16.97,17.12,17.06,17.09,17.54,19.66,,2021-11-11,-
2025-11-25,301188,力诺药包,玻璃玻纤,16.733,16.893,16.593,16.793,16.71,1805900,30326478.7,0.675,,,否,,,,,,否,267536615,267536615,4492742375.69,4492742375.69,,,,16.87,17.09,17.03,17.1,17.49,19.63,,2021-11-11,-
2025-11-26,301188,力诺药包,玻璃玻纤,16.893,16.893,16.553,16.583,16.79,2280900,37824164.7,0.8526,,,否,,,,,,否,267536615,267536615,4436559686.54,4436559686.54,,,,16.77,17.02,17.01,17.09,17.44,19.6,,2021-11-11,-
2025-11-27,301188,力诺药包,玻璃玻纤,16.553,16.813,16.513,16.583,16.58,1657900,27492955.7,0.6197,,,否,,,,,,否,267536615,267536615,4436559686.54,4436559686.54,,,,16.63,16.95,17.0,17.09,17.4,19.56,,2021-11-11,-
2025-11-28,301188,力诺药包,玻璃玻纤,16.563,16.663,16.483,16.633,16.58,1380800,22966846.4,0.5161,,,否,,,,,,否,267536615,267536615,4449936517.3,4449936517.3,,,,16.66,16.88,16.98,17.09,17.37,19.52,,2021-11-11,-
2025-12-01,301188,力诺药包,玻璃玻纤,16.683,16.993,16.583,16.943,16.63,2591500,43907784.5,0.9687,,,否,,,,,,否,267536615,267536615,4532872867.95,4532872867.95,,,,16.71,16.84,16.97,17.07,17.33,19.48,,2021-11-11,-
2025-12-02,301188,力诺药包,玻璃玻纤,16.903,16.923,16.783,16.813,16.94,1400800,23551650.4,0.5236,,,否,,,,,,否,267536615,267536615,4498093107.99,4498093107.99,,,,16.71,16.79,16.97,17.05,17.3,19.42,,2021-11-11,-
2025-12-03,301188,力诺药包,玻璃玻纤,16.823,17.073,16.753,17.043,16.81,2839500,48393598.5,1.0614,,,否,,,,,,否,267536615,267536615,4559626529.44,4559626529.44,,,,16.8,16.79,16.97,17.03,17.28,19.38,,2021-11-11,-
2025-12-04,301188,力诺药包,玻璃玻纤,17.073,17.073,16.763,16.853,17.04,1956200,32967838.6,0.7312,,,否,,,,,,否,267536615,267536615,4508794572.6,4508794572.6,,,,16.86,16.74,16.97,17.02,17.26,19.32,,2021-11-11,-
2025-12-05,301188,力诺药包,玻璃玻纤,16.963,16.963,16.723,16.803,16.85,1935000,32513805.0,0.7233,,,否,,,,,,否,267536615,267536615,4495417741.85,4495417741.85,,,,16.89,16.78,16.96,17.0,17.23,19.27,,2021-11-11,-
2025-12-08,301188,力诺药包,玻璃玻纤,16.803,17.043,16.763,16.963,16.8,2363000,40083569.0,0.8832,,,否,,,,,,否,267536615,267536615,4538223600.24,4538223600.24,,,,16.89,16.8,16.96,16.98,17.21,19.23,,2021-11-11,-
2025-12-09,301188,力诺药包,玻璃玻纤,16.993,17.553,16.953,17.313,16.96,4814600,83355169.8,1.7996,,,否,,,,,,否,267536615,267536615,4631861415.49,4631861415.49,,,,17.0,16.85,16.97,16.97,17.19,19.18,,2021-11-11,-
2025-12-10,301188,力诺药包,玻璃玻纤,17.263,17.673,17.243,17.493,17.31,5269700,92182862.1,1.9697,,,否,,,,,,否,267536615,267536615,4680018006.19,4680018006.19,,,,17.09,16.94,16.98,16.99,17.18,19.14,,2021-11-11,-
2025-12-11,301188,力诺药包,玻璃玻纤,17.493,17.793,17.413,17.663,17.49,7066300,124812056.9,2.6412,,,否,,,,,,否,267536615,267536615,4725499230.74,4725499230.74,,,,17.25,17.05,17.0,17.02,17.17,19.1,,2021-11-11,-
2025-12-12,301188,力诺药包,玻璃玻纤,17.793,17.813,17.483,17.553,17.66,5132900,90097793.7,1.9186,,,否,,,,,,否,267536615,267536615,4696070203.1,4696070203.1,,,,17.4,17.14,17.01,17.03,17.16,19.06,,2021-11-11,-
2025-12-15,301188,力诺药包,玻璃玻纤,17.543,17.883,17.453,17.673,17.55,4922600,86997109.8,1.84,,,否,,,,,,否,267536615,267536615,4728174596.89,4728174596.89,,,,17.54,17.22,17.03,17.05,17.16,19.03,,2021-11-11,-
2025-12-16,301188,力诺药包,玻璃玻纤,17.673,17.673,17.243,17.293,17.67,3223000,55735339.0,1.2047,,,否,,,,,,否,267536615,267536615,4626510683.19,4626510683.19,,,,17.54,17.26,17.03,17.07,17.15,18.98,,2021-11-11,-
2025-12-17,301188,力诺药包,玻璃玻纤,17.293,17.363,16.983,17.303,17.29,3532900,61129768.7,1.3205,,,否,,,,,,否,267536615,267536615,4629186049.35,4629186049.35,,,,17.5,17.29,17.04,17.08,17.14,18.93,,2021-11-11,-
2025-12-18,301188,力诺药包,玻璃玻纤,17.273,17.433,17.203,17.293,17.3,1935200,33465413.6,0.7233,,,否,,,,,,否,267536615,267536615,4626510683.19,4626510683.19,,,,17.42,17.34,17.04,17.09,17.13,18.88,,2021-11-11,-
2025-12-19,301188,力诺药包,玻璃玻纤,17.303,17.383,17.133,17.163,17.29,3024500,51909493.5,1.1305,,,否,,,,,,否,267536615,267536615,4591730923.24,4591730923.24,,,,17.34,17.37,17.07,17.1,17.12,18.84,,2021-11-11,-
2025-12-22,301188,力诺药包,玻璃玻纤,17.193,17.553,17.113,17.463,17.16,3996000,69782148.0,1.4936,,,否,,,,,,否,267536615,267536615,4671991907.74,4671991907.74,,,,17.3,17.42,17.11,17.11,17.11,18.8,,2021-11-11,-
2025-12-23,301188,力诺药包,玻璃玻纤,17.423,17.533,17.183,17.203,17.46,2400500,41295801.5,0.8973,,,否,,,,,,否,267536615,267536615,4602432387.85,4602432387.85,,,,17.29,17.41,17.13,17.12,17.1,18.77,,2021-11-11,-
2025-12-24,301188,力诺药包,玻璃玻纤,17.253,17.783,17.223,17.753,17.2,7381400,131041994.2,2.759,,,否,,,,,,否,267536615,267536615,4749577526.1,4749577526.1,,,,17.38,17.44,17.19,17.13,17.11,18.73,,2021-11-11,-
2025-12-25,301188,力诺药包,玻璃玻纤,17.743,17.763,17.613,17.663,17.75,2840400,50169985.2,1.0617,,,否,,,,,,否,267536615,267536615,4725499230.74,4725499230.74,,,,17.45,17.44,17.24,17.15,17.12,18.71,,2021-11-11,-
2025-12-26,301188,力诺药包,玻璃玻纤,17.663,17.683,17.403,17.433,17.66,3364300,58649841.9,1.2575,,,否,,,,,,否,267536615,267536615,4663965809.3,4663965809.3,,,,17.5,17.42,17.28,17.15,17.12,18.68,,2021-11-11,-
2025-12-29,301188,力诺药包,玻璃玻纤,17.403,17.873,17.323,17.713,17.43,5421600,96032800.8,2.0265,,,否,,,,,,否,267536615,267536615,4738876061.49,4738876061.49,,,,17.55,17.43,17.32,17.16,17.13,18.65,,2021-11-11,-
2025-12-30,301188,力诺药包,玻璃玻纤,17.703,17.763,17.443,17.543,17.71,2928800,51379938.4,1.0947,,,否,,,,,,否,267536615,267536615,4693394836.94,4693394836.94,,,,17.62,17.45,17.36,17.17,17.14,18.63,,2021-11-11,-
2025-12-31,301188,力诺药包,玻璃玻纤,17.503,17.593,17.423,17.503,17.54,2172000,38016516.0,0.8119,,,否,,,,,,否,267536615,267536615,4682693372.35,4682693372.35,,,,17.57,17.47,17.38,17.18,17.15,18.61,,2021-11-11,-
2026-01-05,301188,力诺药包,玻璃玻纤,17.493,17.853,17.493,17.763,17.5,4720600,83852017.8,1.7645,,,否,,,,,,否,267536615,267536615,4752252892.25,4752252892.25,,,,17.59,17.52,17.43,17.2,17.16,18.59,,2021-11-11,-
2026-01-06,301188,力诺药包,玻璃玻纤,17.763,17.823,17.593,17.623,17.76,4505400,79398664.2,1.684,,,否,,,,,,否,267536615,267536615,4714797766.15,4714797766.15,,,,17.63,17.57,17.47,17.24,17.17,18.57,,2021-11-11,-
2026-01-07,301188,力诺药包,玻璃玻纤,17.633,17.833,17.553,17.703,17.62,3551000,62863353.0,1.3273,,,否,,,,,,否,267536615,267536615,4736200695.35,4736200695.35,,,,17.63,17.59,17.51,17.27,17.18,18.55,,2021-11-11,-
2026-01-08,301188,力诺药包,玻璃玻纤,17.693,18.623,17.573,18.343,17.7,12989800,238271901.4,4.8553,,,否,,,,,,否,267536615,267536615,4907424128.94,4907424128.94,,,,17.79,17.7,17.56,17.32,17.21,18.54,,2021-11-11,-
2026-01-09,301188,力诺药包,玻璃玻纤,18.353,18.773,18.183,18.663,18.34,9935500,185426236.5,3.7137,,,否,,,,,,否,267536615,267536615,4993035845.74,4993035845.74,,,,18.02,17.79,17.62,17.39,17.24,18.53,,2021-11-11,-
2026-01-12,301188,力诺药包,玻璃玻纤,18.663,18.703,18.313,18.473,18.66,6851900,126575148.7,2.5611,,,否,,,,,,否,267536615,267536615,4942203888.89,4942203888.89,,,,18.16,17.88,17.66,17.45,17.27,18.52,,2021-11-11,-
2026-01-13,301188,力诺药包,玻璃玻纤,18.513,18.893,18.303,18.513,18.47,8677900,160653962.7,3.2436,,,否,,,,,,否,267536615,267536615,4952905353.5,4952905353.5,,,,18.34,17.98,17.7,17.52,17.3,18.5,,2021-11-11,-
2026-01-14,301188,力诺药包,玻璃玻纤,18.563,19.053,18.403,18.553,18.51,8621400,159952834.2,3.2225,,,否,,,,,,否,267536615,267536615,4963606818.1,4963606818.1,,,,18.51,18.07,17.75,17.57,17.32,18.49,,2021-11-11,-
2026-01-15,301188,力诺药包,玻璃玻纤,18.383,19.003,18.313,18.333,18.55,6648700,121890617.1,2.4852,,,否,,,,,,否,267536615,267536615,4904748762.79,4904748762.79,,,,18.51,18.15,17.8,17.62,17.33,18.47,,2021-11-11,-
2026-01-16,301188,力诺药包,玻璃玻纤,18.333,18.483,18.083,18.153,18.33,4740200,86048850.6,1.7718,,,否,,,,,,否,267536615,267536615,4856592172.09,4856592172.09,,,,18.41,18.21,17.84,17.66,17.35,18.45,,2021-11-11,-
2026-01-19,301188,力诺药包,玻璃玻纤,18.053,18.513,18.003,18.413,18.15,5102500,93952332.5,1.9072,,,否,,,,,,否,267536615,267536615,4926151691.99,4926151691.99,,,,18.39,18.28,17.9,17.71,17.36,18.43,,2021-11-11,-
2026-01-20,301188,力诺药包,玻璃玻纤,18.413,18.413,18.003,18.173,18.41,3752600,68195999.8,1.4026,,,否,,,,,,否,267536615,267536615,4861942904.39,4861942904.39,,,,18.32,18.33,17.95,17.76,17.38,18.41,,2021-11-11,-
2026-01-21,301188,力诺药包,玻璃玻纤,18.053,18.393,17.923,18.263,18.17,4495700,82104969.1,1.6804,,,否,,,,,,否,267536615,267536615,4886021199.75,4886021199.75,,,,18.27,18.39,17.99,17.8,17.39,18.38,,2021-11-11,-
2026-01-22,301188,力诺药包,玻璃玻纤,18.263,18.833,18.233,18.553,18.26,5112300,94848501.9,1.9109,,,否,,,,,,否,267536615,267536615,4963606818.1,4963606818.1,,,,18.31,18.41,18.06,17.84,17.41,18.36,,2021-11-11,-
2026-01-23,301188,力诺药包,玻璃玻纤,18.473,18.933,18.473,18.903,18.55,7695500,145468036.5,2.8764,,,否,,,,,,否,267536615,267536615,5057244633.34,5057244633.34,,,,18.46,18.43,18.11,17.89,17.44,18.34,,2021-11-11,-
2026-01-26,301188,力诺药包,玻璃玻纤,18.853,19.343,18.683,18.833,18.9,6545200,123265751.6,2.4465,,,否,,,,,,否,267536615,267536615,5038517070.29,5038517070.29,,,,18.54,18.47,18.17,17.93,17.47,18.32,,2021-11-11,-
2026-01-27,301188,力诺药包,玻璃玻纤,18.703,18.983,18.513,18.903,18.83,5252600,99289897.8,1.9633,,,否,,,,,,否,267536615,267536615,5057244633.34,5057244633.34,,,,18.69,18.51,18.25,17.97,17.5,18.3,,2021-11-11,-
2026-01-28,301188,力诺药包,玻璃玻纤,18.983,19.343,18.653,18.763,18.9,5537600,103901988.8,2.0698,,,否,,,,,,否,267536615,267536615,5019789507.25,5019789507.25,,,,18.79,18.53,18.3,18.01,17.53,18.27,,2021-11-11,-
2026-01-29,301188,力诺药包,玻璃玻纤,18.593,19.093,18.573,18.663,18.76,4960100,92570346.3,1.854,,,否,,,,,,否,267536615,267536615,4993035845.74,4993035845.74,,,,18.81,18.56,18.35,18.05,17.56,18.24,,2021-11-11,-
2026-01-30,301188,力诺药包,玻璃玻纤,18.663,19.183,18.613,19.163,18.66,8202200,157178758.6,3.0658,,,否,,,,,,否,267536615,267536615,5126804153.24,5126804153.24,,,,18.87,18.66,18.44,18.12,17.6,18.21,,2021-11-11,-
2026-02-02,301188,力诺药包,玻璃玻纤,19.413,19.683,18.423,18.423,19.16,8251400,152015542.2,3.0842,,,否,,,,,,否,267536615,267536615,4928827058.14,4928827058.14,,,,18.78,18.66,18.47,18.15,17.62,18.18,,2021-11-11,-
2026-02-03,301188,力诺药包,玻璃玻纤,18.673,18.763,18.123,18.213,18.42,5242800,95487116.4,1.9597,,,否,,,,,,否,267536615,267536615,4872644368.99,4872644368.99,,,,18.64,18.67,18.5,18.19,17.64,18.13,,2021-11-11,-
2026-02-04,301188,力诺药包,玻璃玻纤,18.123,18.553,18.123,18.463,18.21,4131300,76276191.9,1.5442,,,否,,,,,,否,267536615,267536615,4939528522.74,4939528522.74,,,,18.59,18.69,18.54,18.22,17.67,18.09,,2021-11-11,-
2026-02-05,301188,力诺药包,玻璃玻纤,18.383,18.483,18.143,18.173,18.46,2552600,46388399.8,0.9541,,,否,,,,,,否,267536615,267536615,4861942904.39,4861942904.39,,,,18.49,18.65,18.53,18.25,17.69,18.05,,2021-11-11,-
2026-02-06,301188,力诺药包,玻璃玻纤,18.113,18.483,18.003,18.163,18.17,3537700,64255245.1,1.3223,,,否,,,,,,否,267536615,267536615,4859267538.24,4859267538.24,,,,18.29,18.58,18.5,18.27,17.7,17.99,,2021-11-11,-
2026-02-09,301188,力诺药包,玻璃玻纤,18.253,18.323,18.033,18.193,18.16,3109900,56578410.7,1.1624,,,否,,,,,,否,267536615,267536615,4867293636.7,4867293636.7,,,,18.24,18.51,18.49,18.29,17.72,17.93,,2021-11-11,-
2026-02-10,301188,力诺药包,玻璃玻纤,18.213,18.403,18.163,18.273,18.19,2952200,53945550.6,1.1035,,,否,,,,,,否,267536615,267536615,4888696565.89,4888696565.89,,,,18.25,18.45,18.48,18.31,17.73,17.87,,2021-11-11,-
2026-02-11,301188,力诺药包,玻璃玻纤,18.263,19.003,18.233,18.593,18.27,8193900,152349182.7,3.0627,,,否,,,,,,否,267536615,267536615,4974308282.69,4974308282.69,,,,18.28,18.43,18.48,18.34,17.75,17.82,,2021-11-11,-
2026-02-12,301188,力诺药包,玻璃玻纤,18.483,18.533,17.723,17.733,18.59,9152700,162304829.1,3.4211,,,否,,,,,,否,267536615,267536615,4744226793.8,4744226793.8,,,,18.19,18.34,18.45,18.35,17.76,17.77,,2021-11-11,-
2026-02-13,301188,力诺药包,玻璃玻纤,17.493,17.543,17.123,17.143,17.73,7647500,131101092.5,2.8585,,,否,,,,,,否,267536615,267536615,4586380190.95,4586380190.95,,,,17.99,18.14,18.4,18.34,17.76,17.73,,2021-11-11,-
2026-02-24,301188,力诺药包,玻璃玻纤,17.153,18.103,17.153,17.873,17.14,8228100,147060831.3,3.0755,,,否,,,,,,否,267536615,267536615,4781681919.9,4781681919.9,,,,17.92,18.08,18.37,18.34,17.77,17.7,,2021-11-11,-
2026-02-25,301188,力诺药包,玻璃玻纤,17.833,18.083,17.283,17.413,17.87,7626500,132800244.5,2.8506,,,否,,,,,,否,267536615,267536615,4658615076.99,4658615076.99,,,,17.75,18.0,18.34,18.33,17.79,17.69,,2021-11-11,-
2026-02-26,301188,力诺药包,玻璃玻纤,17.333,17.583,17.203,17.433,17.41,6988100,121823547.3,2.612,,,否,,,,,,否,267536615,267536615,4663965809.3,4663965809.3,,,,17.52,17.9,18.29,18.32,17.8,17.67,,2021-11-11,-
2026-02-27,301188,力诺药包,玻璃玻纤,17.393,18.143,17.383,18.093,17.43,9265800,167646119.4,3.4634,,,否,,,,,,否,267536615,267536615,4840539975.19,4840539975.19,,,,17.59,17.89,18.27,18.32,17.82,17.66,,2021-11-11,-
2026-03-02,301188,力诺药包,玻璃玻纤,17.913,18.093,17.403,17.473,18.09,7214500,126058958.5,2.6966,,,否,,,,,,否,267536615,267536615,4674667273.89,4674667273.89,,,,17.66,17.82,18.2,18.28,17.83,17.64,,2021-11-11,-
2026-03-03,301188,力诺药包,玻璃玻纤,17.543,17.583,16.843,16.883,17.47,5618900,94863888.7,2.1002,,,否,,,,,,否,267536615,267536615,4516820671.05,4516820671.05,,,,17.46,17.69,18.1,18.22,17.84,17.62,,2021-11-11,-
2026-03-04,301188,力诺药包,玻璃玻纤,16.773,16.963,16.243,16.353,16.88,5557400,90880162.2,2.0772,,,否,,,,,,否,267536615,267536615,4375026265.1,4375026265.1,,,,17.25,17.5,17.97,18.15,17.83,17.6,,2021-11-11,-
2026-03-05,301188,力诺药包,玻璃玻纤,16.543,16.603,16.323,16.493,16.35,3879500,63984593.5,1.4501,,,否,,,,,,否,267536615,267536615,4412481391.19,4412481391.19,,,,17.06,17.29,17.86,18.08,17.83,17.58,,2021-11-11,-
2026-03-06,301188,力诺药包,玻璃玻纤,16.483,17.373,16.383,17.303,16.49,8575100,148374955.3,3.2052,,,否,,,,,,否,267536615,267536615,4629186049.35,4629186049.35,,,,16.9,17.25,17.79,18.05,17.84,17.57,,2021-11-11,-
2026-03-09,301188,力诺药包,玻璃玻纤,16.903,16.983,16.343,16.673,17.3,7966300,132822119.9,2.9776,,,否,,,,,,否,267536615,267536615,4460637981.89,4460637981.89,,,,16.74,17.2,17.67,18.0,17.83,17.55,,2021-11-11,-
2026-03-10,301188,力诺药包,玻璃玻纤,16.693,17.203,16.653,17.023,16.67,6242700,106269482.1,2.3334,,,否,,,,,,否,267536615,267536615,4554275797.14,4554275797.14,,,,16.77,17.11,17.6,17.95,17.83,17.54,,2021-11-11,-
2026-03-11,301188,力诺药包,玻璃玻纤,17.023,17.633,16.933,17.553,17.02,7245000,127171485.0,2.708,,,否,,,,,,否,267536615,267536615,4696070203.1,4696070203.1,,,,17.01,17.13,17.57,17.93,17.84,17.54,,2021-11-11,-
2026-03-12,301188,力诺药包,玻璃玻纤,17.533,18.023,17.453,17.903,17.55,7287400,130466322.2,2.7239,,,否,,,,,,否,267536615,267536615,4789708018.34,4789708018.34,,,,17.29,17.18,17.54,17.92,17.86,17.54,,2021-11-11,-
2026-03-13,301188,力诺药包,玻璃玻纤,17.953,18.173,17.673,17.733,17.9,6184500,109669738.5,2.3116,,,否,,,,,,否,267536615,267536615,4744226793.8,4744226793.8,,,,17.38,17.14,17.51,17.89,17.87,17.53,,2021-11-11,-
2026-03-16,301188,力诺药包,玻璃玻纤,17.703,18.103,17.603,18.023,17.73,4977200,89704075.6,1.8604,,,否,,,,,,否,267536615,267536615,4821812412.14,4821812412.14,,,,17.65,17.19,17.51,17.86,17.88,17.53,,2021-11-11,-
2026-03-17,301188,力诺药包,玻璃玻纤,18.023,18.273,17.663,17.713,18.02,4594200,81377064.6,1.7172,,,否,,,,,,否,267536615,267536615,4738876061.49,4738876061.49,,,,17.79,17.28,17.48,17.83,17.88,17.53,,2021-11-11,-
2026-03-18,301188,力诺药包,玻璃玻纤,17.813,18.043,17.493,17.913,17.71,3572500,63994192.5,1.3353,,,否,,,,,,否,267536615,267536615,4792383384.49,4792383384.49,,,,17.86,17.43,17.47,17.79,17.88,17.52,,2021-11-11,-
2026-03-19,301188,力诺药包,玻璃玻纤,17.763,17.913,16.833,16.903,17.91,5589900,94486079.7,2.0894,,,否,,,,,,否,267536615,267536615,4522171403.34,4522171403.34,,,,17.66,17.47,17.38,17.73,17.87,17.51,,2021-11-11,-
2026-03-20,301188,力诺药包,玻璃玻纤,16.913,17.043,15.303,15.333,16.9,14592400,223745269.2,5.4544,,,否,,,,,,否,267536615,267536615,4102138917.8,4102138917.8,,,,17.18,17.28,17.26,17.62,17.84,17.49,,2021-11-11,-
2026-03-23,301188,力诺药包,玻璃玻纤,15.043,16.253,14.973,15.433,15.33,10345500,159662101.5,3.8669,,,否,,,,,,否,267536615,267536615,4128892579.3,4128892579.3,,,,16.66,17.15,17.18,17.5,17.81,17.47,,2021-11-11,-
2026-03-24,301188,力诺药包,玻璃玻纤,15.743,15.873,15.143,15.833,15.43,4806900,76107647.7,1.7967,,,否,,,,,,否,267536615,267536615,4235907225.3,4235907225.3,,,,16.28,17.03,17.07,17.41,17.78,17.45,,2021-11-11,-
2026-03-25,301188,力诺药包,玻璃玻纤,15.783,16.533,15.783,16.173,15.83,5120100,82807377.3,1.9138,,,否,,,,,,否,267536615,267536615,4326869674.39,4326869674.39,,,,15.93,16.9,17.01,17.34,17.77,17.44,,2021-11-11,-
2026-03-26,301188,力诺药包,玻璃玻纤,16.183,16.833,16.013,16.373,16.17,4988000,81668524.0,1.8644,,,否,,,,,,否,267536615,267536615,4380376997.4,4380376997.4,,,,15.83,16.74,16.96,17.27,17.75,17.43,,2021-11-11,-
2026-03-27,301188,力诺药包,玻璃玻纤,16.243,16.953,16.203,16.923,16.37,5278300,89324670.9,1.9729,,,否,,,,,,否,267536615,267536615,4527522135.64,4527522135.64,,,,16.15,16.66,16.9,17.23,17.74,17.42,,2021-11-11,-
2026-03-30,301188,力诺药包,玻璃玻纤,16.803,16.853,16.163,16.503,16.92,5210600,85990531.8,1.9476,,,否,,,,,,否,267536615,267536615,4415156757.35,4415156757.35,,,,16.36,16.51,16.85,17.18,17.72,17.42,,2021-11-11,-
2026-03-31,301188,力诺药包,玻璃玻纤,16.503,17.023,16.503,16.943,16.5,5280400,89465817.2,1.9737,,,否,,,,,,否,267536615,267536615,4532872867.95,4532872867.95,,,,16.58,16.43,16.86,17.13,17.71,17.41,,2021-11-11,-
2026-04-01,301188,力诺药包,玻璃玻纤,17.113,20.353,17.113,20.353,16.94,38345000,780435785.0,14.3326,,,否,,,,,,否,267536615,267536615,5445172725.1,5445172725.1,,,,17.42,16.68,17.05,17.2,17.76,17.44,18.66,2021-11-11,-
2026-04-02,301188,力诺药包,玻璃玻纤,21.743,24.403,21.743,23.493,20.35,61313100,1440428658.3,22.9176,,,否,,,,,,否,267536615,267536615,6285237696.19,6285237696.19,,,,18.84,17.34,17.41,17.37,17.85,17.49,18.69,2021-11-11,-
2026-04-03,301188,力诺药包,玻璃玻纤,23.003,23.353,20.333,21.993,23.49,52563200,1156022457.6,19.6471,,,否,,,,,,否,267536615,267536615,5883932773.69,5883932773.69,,,,19.86,18.0,17.64,17.51,17.93,17.54,18.71,2021-11-11,-
2026-04-07,301188,力诺药包,玻璃玻纤,21.813,22.063,20.783,21.123,21.99,31477000,664888671.0,11.7655,,,否,,,,,,否,267536615,267536615,5651175918.65,5651175918.65,,,,20.78,18.57,17.86,17.64,17.99,17.57,18.73,2021-11-11,-
2026-04-08,301188,力诺药包,玻璃玻纤,21.553,23.793,21.093,23.573,21.12,40638800,957978432.4,15.19,,,否,,,,,,否,267536615,267536615,6306640625.4,6306640625.4,,,,22.11,19.35,18.19,17.83,18.09,17.62,18.75,2021-11-11,-
2026-04-09,301188,力诺药包,玻璃玻纤,24.963,25.193,22.893,23.963,23.57,42631400,1021576238.2,15.9348,,,否,,,,,,否,267536615,267536615,6410979905.24,6410979905.24,,,,22.83,20.12,18.51,18.05,18.19,17.68,18.77,2021-11-11,-
2026-04-10,301188,力诺药包,玻璃玻纤,24.353,26.183,24.013,24.903,23.96,39602300,986216076.9,14.8026,,,否,,,,,,否,267536615,267536615,6662464323.34,6662464323.34,,,,23.11,20.98,18.86,18.3,18.31,17.75,18.8,2021-11-11,-
2026-04-13,301188,力诺药包,玻璃玻纤,24.903,25.193,23.383,24.003,24.9,26608000,638671824.0,9.9456,,,否,,,,,,否,267536615,267536615,6421681369.85,6421681369.85,,,,23.51,21.68,19.17,18.5,18.41,17.81,18.83,2021-11-11,-
2026-04-14,301188,力诺药包,玻璃玻纤,23.923,24.483,23.073,23.663,24.0,19049100,450758853.3,7.1202,,,否,,,,,,否,267536615,267536615,6330718920.74,6330718920.74,,,,24.02,22.4,19.46,18.7,18.49,17.87,18.85,2021-11-11,-
2026-04-15,301188,力诺药包,玻璃玻纤,23.753,24.233,23.133,23.423,23.66,16532900,387250116.7,6.1797,,,否,,,,,,否,267536615,267536615,6266510133.14,6266510133.14,,,,23.99,23.05,19.74,18.92,18.57,17.92,18.87,2021-11-11,-
2026-04-16,301188,力诺药包,玻璃玻纤,24.013,24.103,22.603,23.213,23.42,19153400,444607874.2,7.1592,,,否,,,,,,否,267536615,267536615,6210327443.99,6210327443.99,,,,23.84,23.34,20.01,19.15,18.65,17.98,18.89,2021-11-11,-
2026-04-17,301188,力诺药包,玻璃玻纤,23.063,25.903,22.683,24.963,23.21,31353500,782677420.5,11.7193,,,否,,,,,,否,267536615,267536615,6678516520.24,6678516520.24,,,,23.85,23.48,20.41,19.43,18.76,18.04,18.93,2021-11-11,-
2026-04-20,301188,力诺药包,玻璃玻纤,26.633,27.333,25.393,25.833,24.96,34135700,881827538.1,12.7593,,,否,,,,,,否,267536615,267536615,6911273375.29,6911273375.29,,,,24.22,23.87,20.93,19.71,18.88,18.11,18.97,2021-11-11,-
2026-04-21,301188,力诺药包,玻璃玻纤,25.403,25.553,23.173,24.743,25.83,26470200,654952158.6,9.894,,,否,,,,,,否,267536615,267536615,6619658464.94,6619658464.94,,,,24.43,24.23,21.4,19.98,18.99,18.17,19.0,2021-11-11,-
2026-04-22,301188,力诺药包,玻璃玻纤,24.713,28.503,24.553,27.323,24.74,34934500,954515343.5,13.0578,,,否,,,,,,否,267536615,267536615,7309902931.65,7309902931.65,,,,25.21,24.6,21.97,20.33,19.14,18.25,19.04,2021-11-11,-
2026-04-23,301188,力诺药包,玻璃玻纤,26.683,27.763,25.933,26.463,27.32,20691100,547548579.3,7.7339,,,否,,,,,,否,267536615,267536615,7079821442.74,7079821442.74,,,,25.86,24.85,22.49,20.62,19.28,18.33,19.08,2021-11-11,-
2026-04-24,301188,力诺药包,玻璃玻纤,26.383,28.693,26.233,27.673,26.46,23094800,639102400.4,8.6324,,,否,,,,,,否,267536615,267536615,7403540746.89,7403540746.89,,,,26.41,25.13,23.05,20.95,19.44,18.41,19.12,2021-11-11,-
2026-04-27,301188,力诺药包,玻璃玻纤,28.233,29.153,27.493,28.353,27.67,23752100,673443291.3,8.8781,,,否,,,,,,否,267536615,267536615,7585465645.1,7585465645.1,,,,26.91,25.57,23.62,21.3,19.6,18.5,19.16,2021-11-11,-
2026-04-28,301188,力诺药包,玻璃玻纤,28.903,28.903,26.323,26.593,28.35,21227800,564510885.4,7.9345,,,否,,,,,,否,267536615,267536615,7114601202.69,7114601202.69,,,,27.28,25.86,24.13,21.59,19.73,18.58,19.2,2021-11-11,-
2026-04-29,301188,力诺药包,玻璃玻纤,25.923,27.043,25.123,25.603,26.59,23956200,613350588.6,8.9544,,,否,,,,,,否,267536615,267536615,6849739953.85,6849739953.85,,,,26.94,26.08,24.56,21.85,19.84,18.66,19.24,2021-11-11,-
2026-04-30,301188,力诺药包,玻璃玻纤,24.983,27.183,23.933,26.753,25.6,28976100,775197603.3,10.8307,,,否,,,,,,否,267536615,267536615,7157407061.1,7157407061.1,,,,27.0,26.43,24.88,22.15,19.97,18.74,19.28,2021-11-11,-
2026-05-06,301188,力诺药包,玻璃玻纤,26.923,27.673,25.793,25.883,26.75,18485000,478447255.0,6.9093,,,否,,,,,,否,267536615,267536615,6924650206.05,6924650206.05,,,,26.64,26.52,25.0,22.45,20.09,18.81,19.31,2021-11-11,-
2026-05-07,301188,力诺药包,玻璃玻纤,26.003,27.593,25.673,26.183,25.88,18573100,486299477.3,6.9423,,,否,,,,,,否,267536615,267536615,7004911190.55,7004911190.55,,,,26.2,26.56,25.21,22.81,20.21,18.89,19.35,2021-11-11,-
2026-05-08,301188,力诺药包,玻璃玻纤,25.973,28.903,25.623,27.403,26.18,25075500,687143926.5,9.3727,,,否,,,,,,否,267536615,267536615,7331305860.84,7331305860.84,,,,26.37,26.82,25.53,23.21,20.35,18.97,19.38,2021-11-11,-
2026-05-11,301188,力诺药包,玻璃玻纤,27.403,32.903,27.403,32.903,27.4,34425000,1132685775.0,12.8674,,,否,,,,,,否,267536615,267536615,8802757243.34,8802757243.34,,,,27.82,27.38,25.99,23.78,20.59,19.11,19.44,2021-11-11,-
2026-05-12,301188,力诺药包,玻璃玻纤,33.943,34.463,32.313,32.933,32.9,35723400,1176478732.2,13.3527,,,否,,,,,,否,267536615,267536615,8810783341.8,8810783341.8,,,,29.06,28.03,26.44,24.33,20.84,19.24,19.5,2021-11-11,-
2026-05-13,301188,力诺药包,玻璃玻纤,32.243,35.573,31.563,34.843,32.93,30275000,1054871825.0,11.3162,,,否,,,,,,否,267536615,267536615,9321778276.45,9321778276.45,,,,30.85,28.74,26.94,24.95,21.11,19.39,19.57,2021-11-11,-
2026-05-14,301188,力诺药包,玻璃玻纤,34.223,37.673,33.293,36.753,34.84,33769800,1241141459.4,12.6225,,,否,,,,,,否,267536615,267536615,9832773211.09,9832773211.09,,,,32.97,29.58,27.57,25.61,21.42,19.55,19.65,2021-11-11,-
2026-05-15,301188,力诺药包,玻璃玻纤,36.713,37.213,34.653,35.393,36.75,28277800,1000836175.4,10.5697,,,否,,,,,,否,267536615,267536615,9468923414.69,9468923414.69,,,,34.56,30.46,28.16,26.24,21.71,19.7,19.72,2021-11-11,-
2026-05-18,301188,力诺药包,玻璃玻纤,35.263,41.703,35.263,39.343,35.39,36790000,1447428970.0,13.7514,,,否,,,,,,否,267536615,267536615,10525693043.95,10525693043.95,,,,35.85,31.84,28.96,26.99,22.06,19.89,19.81,2021-11-11,-
2026-05-19,301188,力诺药包,玻璃玻纤,39.513,40.903,37.903,39.913,39.34,24940400,995446185.2,9.3222,,,否,,,,,,否,267536615,267536615,10678188914.49,10678188914.49,,,,37.25,33.15,29.79,27.64,22.42,20.08,19.9,2021-11-11,-
2026-05-20,301188,力诺药包,玻璃玻纤,40.773,40.773,36.923,40.233,39.91,26769600,1077021316.8,10.006,,,否,,,,,,否,267536615,267536615,10763800631.3,10763800631.3,,,,38.33,34.59,30.56,28.2,22.78,20.27,19.99,2021-11-11,-
2026-05-21,301188,力诺药包,玻璃玻纤,43.563,48.283,43.213,43.213,40.23,43566600,1882643485.8,16.2844,,,否,,,,,,否,267536615,267536615,11561059744.0,11561059744.0,,,,39.62,36.29,31.43,28.91,23.21,20.48,20.09,2021-11-11,-
2026-05-22,301188,力诺药包,玻璃玻纤,45.003,50.103,43.893,49.053,43.21,33794400,1657716703.2,12.6317,,,否,,,,,,否,267536615,267536615,13123473575.59,13123473575.59,,,,42.35,38.46,32.64,29.84,23.74,20.75,20.22,2021-11-11,-
2026-05-25,301188,力诺药包,玻璃玻纤,47.403,48.593,43.113,45.303,49.05,35553200,1610666619.6,13.2891,,,否,,,,,,否,267536615,267536615,12120211269.34,12120211269.34,,,,43.54,39.7,33.54,30.56,24.2,20.98,20.33,2021-11-11,-
2026-05-26,301188,力诺药包,玻璃玻纤,44.903,45.773,40.303,44.803,45.3,28599600,1281347878.8,10.69,,,否,,,,,,否,267536615,267536615,11986442961.84,11986442961.84,,,,44.52,40.89,34.46,31.26,24.65,21.22,20.43,2021-11-11,-
2026-05-27,301188,力诺药包,玻璃玻纤,43.893,46.923,42.903,43.763,44.8,23230900,1016653876.7,8.6833,,,否,,,,,,否,267536615,267536615,11708204882.24,11708204882.24,,,,45.23,41.78,35.26,31.88,25.09,21.44,20.54,2021-11-11,-
2026-05-28,301188,力诺药包,玻璃玻纤,42.183,45.203,40.783,44.103,43.76,22068600,973291465.8,8.2488,,,否,,,,,,否,267536615,267536615,11799167331.35,11799167331.35,,,,45.41,42.51,36.05,32.55,25.52,21.67,20.64,2021-11-11,-
2026-05-29,301188,力诺药包,玻璃玻纤,46.573,46.883,41.333,42.163,44.1,21130500,890925271.5,7.8982,,,否,,,,,,否,267536615,267536615,11280146298.24,11280146298.24,,,,44.03,43.19,36.83,33.17,25.94,21.89,20.73,2021-11-11,-
2026-06-01,301188,力诺药包,玻璃玻纤,43.473,47.403,42.963,44.123,42.16,24177700,1066792657.1,9.0372,,,否,,,,,,否,267536615,267536615,11804518063.64,11804518063.64,,,,43.79,43.67,37.75,33.86,26.39,22.11,20.82,2021-11-11,-
2026-06-02,301188,力诺药包,玻璃玻纤,43.883,45.303,40.203,42.253,44.12,23748700,1003453821.1,8.8768,,,否,,,,,,否,267536615,267536615,11304224593.59,11304224593.59,,,,43.28,43.9,38.53,34.5,26.82,22.33,20.9,2021-11-11,-
2026-06-03,301188,力诺药包,玻璃玻纤,41.703,47.373,40.593,45.353,42.25,31438500,1425830290.5,11.7511,,,否,,,,,,否,267536615,267536615,12133588100.1,12133588100.1,,,,43.6,44.41,39.5,35.17,27.3,22.56,21.0,2021-11-11,-
2026-06-04,301188,力诺药包,玻璃玻纤,43.903,54.443,43.423,54.443,45.35,36139100,1967521021.3,13.5081,,,否,,,,,,否,267536615,267536615,14565495930.44,14565495930.44,,,,45.67,45.54,40.91,36.13,27.92,22.88,21.14,2021-11-11,-
2026-06-05,301188,力诺药包,玻璃玻纤,54.843,57.403,52.263,54.593,54.44,35288700,1926515999.1,13.1902,,,否,,,,,,否,267536615,267536615,14605626422.7,14605626422.7,,,,48.15,46.09,42.27,37.12,28.55,23.19,21.28,2021-11-11,-
2026-06-08,301188,力诺药包,玻璃玻纤,50.913,57.783,50.913,52.463,54.59,33434500,1754074173.5,12.4972,,,否,,,,,,否,267536615,267536615,14035773432.75,14035773432.75,,,,49.82,46.81,43.25,37.96,29.14,23.49,21.41,2021-11-11,-
2026-06-09,301188,力诺药包,玻璃玻纤,53.01,54.41,49.66,53.4,52.46,31707200,1693164480.0,11.8515,,,否,,,,,,否,267536615,267536615,14286455241.0,14286455241.0,,,,52.05,47.67,44.28,38.86,29.74,23.79,21.54,2021-11-11,-
2026-06-10,301188,力诺药包,玻璃玻纤,52.0,52.4,48.28,49.96,53.4,22236600,1110940536.0,8.3116,,,否,,,,,,否,267536615,267536615,13366129285.4,13366129285.4,,,,52.97,48.29,45.03,39.6,30.28,24.07,21.66,2021-11-11,-
2026-06-11,301188,力诺药包,玻璃玻纤,49.08,56.3,47.17,54.86,49.96,31513100,1728808666.0,11.779,,,否,,,,,,否,267536615,267536615,14677058698.9,14677058698.9,,,,53.06,49.36,45.94,40.49,30.9,24.38,21.8,2021-11-11,-
2026-06-12,301188,力诺药包,玻璃玻纤,55.74,56.5,51.0,52.46,54.86,23257300,1220077958.0,8.6931,,,否,,,,,,否,267536615,267536615,14034970822.9,14034970822.9,,,,52.63,50.39,46.79,41.35,31.47,24.67,21.93,2021-11-11,-
2026-06-15,301188,力诺药包,玻璃玻纤,55.01,59.4,55.01,58.88,52.46,22325400,1314519552.0,8.3448,,,否,,,,,,否,267536615,267536615,15752555891.2,15752555891.2,,,,53.91,51.87,47.77,42.46,32.16,25.02,22.08,2021-11-11,-
2026-06-16,301188,力诺药包,玻璃玻纤,58.35,67.93,58.05,63.16,58.88,29780500,1880936380.0,11.1314,,,否,,,,,,否,267536615,267536615,16897612603.4,16897612603.4,,,,55.86,53.96,48.93,43.67,32.91,25.4,22.25,2021-11-11,-
2026-06-17,301188,力诺药包,玻璃玻纤,65.76,74.0,63.01,71.65,63.16,31118209,2229619674.85,11.6314,,,否,,,,,,否,267536615,267536615,19168998464.75,19168998464.75,,,,60.2,56.59,50.5,45.2,33.82,25.85,22.44,2021-11-11,-
2026-06-18,301188,力诺药包,玻璃玻纤,67.9,69.97,66.22,66.86,71.65,25104524,1678488474.64,9.3836,,,否,,,,,,否,267536615,267536615,17887498078.9,17887498078.9,,,,62.6,57.83,51.68,46.55,34.68,26.26,22.62,2021-11-11,-
2026-06-22,301188,力诺药包,玻璃玻纤,69.8,70.0,66.68,68.2,66.47,24544849,1673958701.8,9.1744,,,否,,,,,,否,267536615,267536615,18245997143.0,18245997143.0,,,,67.27,60.59,53.7,49.03,36.4,27.09,22.97,2021-11-11,-
2026-06-23,301188,力诺药包,玻璃玻纤,68.0,69.9,64.5,66.47,68.2,19906398,1323178275.06,7.4406,,,否,,,,,,否,267536615,267536615,17783158799.05,17783158799.05,,,,67.27,60.59,53.7,49.03,36.4,27.09,22.97,2021-11-11,-
2026-06-24,301188,力诺药包,玻璃玻纤,67.66,71.0,65.8,68.26,66.47,22760962,1553663266.12,8.5076,,,否,,,,,,否,267536615,267536615,18262049339.9,18262049339.9,,,,68.29,62.08,54.87,50.21,37.27,27.52,23.15,2021-11-11,-
2026-06-25,301188,力诺药包,玻璃玻纤,70.36,72.65,65.78,66.23,68.26,27821252,1842601519.96,10.399,,,否,,,,,,否,267536615,267536615,17718950011.45,17718950011.45,,,,67.2,63.7,55.99,51.26,38.1,27.93,23.33,2021-11-11,-
2026-06-26,301188,力诺药包,玻璃玻纤,65.62,76.3,64.26,71.15,66.23,30462200,2167385530.0,11.3862,,,否,,,,,,否,267536615,267536615,19035230157.25,19035230157.25,,,,68.06,65.33,57.35,52.4,39.01,28.37,23.52,2021-11-11,-
2026-06-29,301188,力诺药包,玻璃玻纤,70.79,73.88,62.0,63.18,71.15,29869800,1887173964.0,11.1648,,,否,,,,,,否,267536615,267536615,16902963335.7,16902963335.7,,,,67.06,66.4,58.4,53.33,39.78,28.75,23.69,2021-11-11,-
2026-06-30,301188,力诺药包,玻璃玻纤,65.7,66.47,63.06,63.4,63.4,17773300,1126827220.0,6.6433,,,否,,,,,,否,267536615,267536615,16961821391.0,16961821391.0,,,,65.47,66.88,60.42,54.91,41.28,29.52,24.01,2021-11-11,-
2026-07-01,301188,力诺药包,玻璃玻纤,65.7,66.47,63.06,63.4,63.4,17773300,1126827220.00,6.6433,,,否,,,,,,否,267536615,267536615,16961821391.00,16961821391.00,,,,65.47,66.88,60.42,54.91,41.28,29.52,24.01,2021-11-11,-
2026-07-02,301188,力诺药包,玻璃玻纤,58.88,62.25,57.18,57.44,63.4,24780800,1423409152.00,9.2626,,,否,,,,,,否,267536615,267536615,15367303165.60,15367303165.60,,,,63.71,65.46,61.02,55.49,41.84,29.85,24.16,2021-11-11,-
2026-07-03,301188,力诺药包,玻璃玻纤,56.68,57.44,51.31,51.55,57.44,29221100,1506347705.00,10.9223,,,否,,,,,,否,267536615,267536615,13791512503.25,13791512503.25,,,,59.79,63.93,60.88,55.76,42.33,30.13,24.27,2021-11-11,-
2026-07-06,301188,力诺药包,玻璃玻纤,51.64,52.55,46.58,47.04,51.55,22554000,1060940160.00,8.4302,,,否,,,,,,否,267536615,267536615,12584922369.60,12584922369.60,,,,56.57,61.81,60.50,55.70,42.77,30.38,24.37,2021-11-11,-
2026-07-07,301188,力诺药包,玻璃玻纤,47.0,47.6,44.6,45.57,47.04,15014600,684215322.00,5.6122,,,否,,,,,,否,267536615,267536615,12191643545.55,12191643545.55,,,,53.00,59.72,60.16,55.71,43.13,30.61,24.46,2021-11-11,-
2026-07-08,301188,力诺药包,玻璃玻纤,46.48,50.56,45.88,47.99,45.57,29654200,1423105058.00,11.0842,,,否,,,,,,否,267536615,267536615,12839082153.85,12839082153.85,,,,49.92,57.70,59.89,55.81,43.53,30.86,24.56,2021-11-11,-
2026-07-09,301188,力诺药包,玻璃玻纤,48.94,51.87,47.15,50.01,47.99,23363500,1168408635.00,8.7328,,,否,,,,,,否,267536615,267536615,13379506116.15,13379506116.15,,,,48.43,56.07,59.89,56.02,43.95,31.13,24.67,2021-11-11,-
2026-07-10,301188,力诺药包,玻璃玻纤,51.52,51.89,45.65,45.73,50.01,24079200,1101141816.00,9.0003,,,否,,,,,,否,267536615,267536615,12234449403.95,12234449403.95,,,,47.27,53.53,59.43,56.07,44.31,31.36,24.77,2021-11-11,-
2026-07-13,301188,力诺药包,玻璃玻纤,45.06,45.5,40.51,41.2,45.73,25142200,1035858640.00,9.3977,,,否,,,,,,否,267536615,267536615,11022508538.00,11022508538.00,,,,46.10,51.33,58.87,56.04,44.61,31.55,24.85,2021-11-11,-
2026-07-14,301188,力诺药包,玻璃玻纤,41.0,43.73,40.15,43.48,41.2,16206300,704649924.00,6.0576,,,否,,,,,,否,267536615,267536615,11632492020.20,11632492020.20,,,,45.68,49.34,58.10,56.02,44.94,31.76,24.94,2021-11-11,-
2026-07-15,301188,力诺药包,玻璃玻纤,44.35,44.44,42.0,42.33,43.48,14325600,606402648.00,5.3546,,,否,,,,,,否,267536615,267536615,11324824912.95,11324824912.95,,,,44.55,47.23,57.06,56.02,45.26,31.95,25.02,2021-11-11,-
2026-07-16,301188,力诺药包,玻璃玻纤,41.95,42.03,40.09,40.71,42.33,12190800,496287468.00,4.5567,,,否,,,,,,否,267536615,267536615,10891415596.65,10891415596.65,,,,42.69,45.56,55.51,55.87,45.52,32.14,25.10,2021-11-11,-
2026-07-17,301188,力诺药包,玻璃玻纤,40.71,41.52,37.68,38.02,40.71,14554300,553354486.00,5.4401,,,否,,,,,,否,267536615,267536615,10171742102.30,10171742102.30,,,,41.15,44.21,54.07,55.32,45.73,32.30,25.18,2021-11-11,-
